{"cameraMode":{"drawMode":0,"name":"Shaded","section":"Shading Mode"},"sceneLighting":false,"audioPlay":false,"sceneViewState":{"showFog":true,"showMaterialUpdate":false,"showSkybox":false,"showFlares":true,"showImageEffects":true,"showParticleSystems":true},"in2DMode":false,"pivot":{"x":1.5882008075714112,"y":0.5681643486022949,"z":22.26625633239746},"rotation":{"x":-0.38237497210502627,"y":0.5758428573608398,"z":-0.3475290536880493,"w":-0.6335798501968384},"size":2.7126660346984865,"orthographic":false}