{"cameraMode":{"drawMode":0,"name":"Shaded","section":"Shading Mode"},"sceneLighting":false,"audioPlay":false,"sceneViewState":{"showFog":true,"showMaterialUpdate":false,"showSkybox":false,"showFlares":true,"showImageEffects":true,"showParticleSystems":true},"in2DMode":false,"pivot":{"x":1.4424999952316285,"y":-0.44999992847442629,"z":12.0},"rotation":{"x":0.2705466151237488,"y":-0.1380397081375122,"z":0.03922807797789574,"w":0.9519601464271545},"size":22.46014976501465,"orthographic":false}