{"cameraMode":{"drawMode":0,"name":"Shaded","section":"Shading Mode"},"sceneLighting":true,"audioPlay":false,"sceneViewState":{"showFog":true,"showMaterialUpdate":false,"showSkybox":true,"showFlares":true,"showImageEffects":true,"showParticleSystems":true},"in2DMode":false,"pivot":{"x":22.86746597290039,"y":21.802593231201173,"z":5.591988563537598},"rotation":{"x":0.33750638365745547,"y":-0.6350346207618713,"z":0.3609861731529236,"w":0.5937312841415405},"size":9.112865447998047,"orthographic":false}